Material,Sustainability_Score,Water_Usage_Liters,CO2_kg,Eco_Notes
Hemp 32,95,160,1.5,"MATERIAL ANALYSIS: HEMP
---------------------------------
🌍 PRIMARY IMPACT: Highly renewable; restores soil health.
⚡ ENERGY RATING: Excellent
🧵 DURABILITY: High - Resistant to wear and tear.
🧪 CHEMICALS: Zero toxic dyes detected.
🌱 END-OF-LIFE: 100% Biodegradable (Natural state)."
Organic Cotton 80,85,250,2.1,"MATERIAL ANALYSIS: ORGANIC COTTON
---------------------------------
🌍 PRIMARY IMPACT: Uses non-GMO seeds and natural pest control.
⚡ ENERGY RATING: Average
🧵 DURABILITY: High - Resistant to wear and tear.
🧪 CHEMICALS: Zero toxic dyes detected.
🌱 END-OF-LIFE: 100% Biodegradable (Natural state)."
Organic Cotton 94,85,250,2.1,"MATERIAL ANALYSIS: ORGANIC COTTON
---------------------------------
🌍 PRIMARY IMPACT: Uses non-GMO seeds and natural pest control.
⚡ ENERGY RATING: Average
🧵 DURABILITY: High - Resistant to wear and tear.
🧪 CHEMICALS: Zero toxic dyes detected.
🌱 END-OF-LIFE: 100% Biodegradable (Natural state)."
Organic Cotton 28,85,250,2.1,"MATERIAL ANALYSIS: ORGANIC COTTON
---------------------------------
🌍 PRIMARY IMPACT: Uses non-GMO seeds and natural pest control.
⚡ ENERGY RATING: Good
🧵 DURABILITY: High - Resistant to wear and tear.
🧪 CHEMICALS: Zero toxic dyes detected.
🌱 END-OF-LIFE: 100% Biodegradable (Natural state)."
Hemp 2,95,160,1.5,"MATERIAL ANALYSIS: HEMP
---------------------------------
🌍 PRIMARY IMPACT: Highly renewable; restores soil health.
⚡ ENERGY RATING: Good
🧵 DURABILITY: High - Resistant to wear and tear.
🧪 CHEMICALS: Zero toxic dyes detected.
🌱 END-OF-LIFE: 100% Biodegradable (Natural state)."
Recycled Polyester 31,70,10,3.5,"MATERIAL ANALYSIS: RECYCLED POLYESTER
---------------------------------
🌍 PRIMARY IMPACT: Made from ocean plastic; saves energy.
⚡ ENERGY RATING: Excellent
🧵 DURABILITY: High - Resistant to wear and tear.
🧪 CHEMICALS: Zero toxic dyes detected.
🌱 END-OF-LIFE: 100% Biodegradable (Natural state)."
Linen 26,92,180,1.7,"MATERIAL ANALYSIS: LINEN
---------------------------------
🌍 PRIMARY IMPACT: Very durable; requires minimal irrigation.
⚡ ENERGY RATING: Good
🧵 DURABILITY: High - Resistant to wear and tear.
🧪 CHEMICALS: Zero toxic dyes detected.
🌱 END-OF-LIFE: 100% Biodegradable (Natural state)."
Recycled Polyester 99,70,10,3.5,"MATERIAL ANALYSIS: RECYCLED POLYESTER
---------------------------------
🌍 PRIMARY IMPACT: Made from ocean plastic; saves energy.
⚡ ENERGY RATING: Good
🧵 DURABILITY: High - Resistant to wear and tear.
🧪 CHEMICALS: Zero toxic dyes detected.
🌱 END-OF-LIFE: 100% Biodegradable (Natural state)."
Recycled Polyester 18,70,10,3.5,"MATERIAL ANALYSIS: RECYCLED POLYESTER
---------------------------------
🌍 PRIMARY IMPACT: Made from ocean plastic; saves energy.
⚡ ENERGY RATING: Good
🧵 DURABILITY: High - Resistant to wear and tear.
🧪 CHEMICALS: Zero toxic dyes detected.
🌱 END-OF-LIFE: 100% Biodegradable (Natural state)."
Hemp 78,95,160,1.5,"MATERIAL ANALYSIS: HEMP
---------------------------------
🌍 PRIMARY IMPACT: Highly renewable; restores soil health.
⚡ ENERGY RATING: Average
🧵 DURABILITY: High - Resistant to wear and tear.
🧪 CHEMICALS: Zero toxic dyes detected.
🌱 END-OF-LIFE: 100% Biodegradable (Natural state)."
Hemp 19,95,160,1.5,"MATERIAL ANALYSIS: HEMP
---------------------------------
🌍 PRIMARY IMPACT: Highly renewable; restores soil health.
⚡ ENERGY RATING: Excellent
🧵 DURABILITY: High - Resistant to wear and tear.
🧪 CHEMICALS: Zero toxic dyes detected.
🌱 END-OF-LIFE: 100% Biodegradable (Natural state)."
Recycled Polyester 74,70,10,3.5,"MATERIAL ANALYSIS: RECYCLED POLYESTER
---------------------------------
🌍 PRIMARY IMPACT: Made from ocean plastic; saves energy.
⚡ ENERGY RATING: Average
🧵 DURABILITY: High - Resistant to wear and tear.
🧪 CHEMICALS: Zero toxic dyes detected.
🌱 END-OF-LIFE: 100% Biodegradable (Natural state)."
Recycled Polyester 56,70,10,3.5,"MATERIAL ANALYSIS: RECYCLED POLYESTER
---------------------------------
🌍 PRIMARY IMPACT: Made from ocean plastic; saves energy.
⚡ ENERGY RATING: Good
🧵 DURABILITY: High - Resistant to wear and tear.
🧪 CHEMICALS: Zero toxic dyes detected.
🌱 END-OF-LIFE: 100% Biodegradable (Natural state)."
Organic Cotton 4,85,250,2.1,"MATERIAL ANALYSIS: ORGANIC COTTON
---------------------------------
🌍 PRIMARY IMPACT: Uses non-GMO seeds and natural pest control.
⚡ ENERGY RATING: Excellent
🧵 DURABILITY: High - Resistant to wear and tear.
🧪 CHEMICALS: Zero toxic dyes detected.
🌱 END-OF-LIFE: 100% Biodegradable (Natural state)."
Recycled Polyester 15,70,10,3.5,"MATERIAL ANALYSIS: RECYCLED POLYESTER
---------------------------------
🌍 PRIMARY IMPACT: Made from ocean plastic; saves energy.
⚡ ENERGY RATING: Average
🧵 DURABILITY: High - Resistant to wear and tear.
🧪 CHEMICALS: Zero toxic dyes detected.
🌱 END-OF-LIFE: 100% Biodegradable (Natural state)."
Linen 71,92,180,1.7,"MATERIAL ANALYSIS: LINEN
---------------------------------
🌍 PRIMARY IMPACT: Very durable; requires minimal irrigation.
⚡ ENERGY RATING: Average
🧵 DURABILITY: High - Resistant to wear and tear.
🧪 CHEMICALS: Zero toxic dyes detected.
🌱 END-OF-LIFE: 100% Biodegradable (Natural state)."
Recycled Polyester 45,70,10,3.5,"MATERIAL ANALYSIS: RECYCLED POLYESTER
---------------------------------
🌍 PRIMARY IMPACT: Made from ocean plastic; saves energy.
⚡ ENERGY RATING: Good
🧵 DURABILITY: High - Resistant to wear and tear.
🧪 CHEMICALS: Zero toxic dyes detected.
🌱 END-OF-LIFE: 100% Biodegradable (Natural state)."
Linen 8,92,180,1.7,"MATERIAL ANALYSIS: LINEN
---------------------------------
🌍 PRIMARY IMPACT: Very durable; requires minimal irrigation.
⚡ ENERGY RATING: Good
🧵 DURABILITY: High - Resistant to wear and tear.
🧪 CHEMICALS: Zero toxic dyes detected.
🌱 END-OF-LIFE: 100% Biodegradable (Natural state)."
Linen 8,92,180,1.7,"MATERIAL ANALYSIS: LINEN
---------------------------------
🌍 PRIMARY IMPACT: Very durable; requires minimal irrigation.
⚡ ENERGY RATING: Good
🧵 DURABILITY: High - Resistant to wear and tear.
🧪 CHEMICALS: Zero toxic dyes detected.
🌱 END-OF-LIFE: 100% Biodegradable (Natural state)."
Organic Cotton 81,85,250,2.1,"MATERIAL ANALYSIS: ORGANIC COTTON
---------------------------------
🌍 PRIMARY IMPACT: Uses non-GMO seeds and natural pest control.
⚡ ENERGY RATING: Average
🧵 DURABILITY: High - Resistant to wear and tear.
🧪 CHEMICALS: Zero toxic dyes detected.
🌱 END-OF-LIFE: 100% Biodegradable (Natural state)."
Linen 31,92,180,1.7,"MATERIAL ANALYSIS: LINEN
---------------------------------
🌍 PRIMARY IMPACT: Very durable; requires minimal irrigation.
⚡ ENERGY RATING: Average
🧵 DURABILITY: High - Resistant to wear and tear.
🧪 CHEMICALS: Zero toxic dyes detected.
🌱 END-OF-LIFE: 100% Biodegradable (Natural state)."
Hemp 73,95,160,1.5,"MATERIAL ANALYSIS: HEMP
---------------------------------
🌍 PRIMARY IMPACT: Highly renewable; restores soil health.
⚡ ENERGY RATING: Average
🧵 DURABILITY: High - Resistant to wear and tear.
🧪 CHEMICALS: Zero toxic dyes detected.
🌱 END-OF-LIFE: 100% Biodegradable (Natural state)."
Linen 5,92,180,1.7,"MATERIAL ANALYSIS: LINEN
---------------------------------
🌍 PRIMARY IMPACT: Very durable; requires minimal irrigation.
⚡ ENERGY RATING: Good
🧵 DURABILITY: High - Resistant to wear and tear.
🧪 CHEMICALS: Zero toxic dyes detected.
🌱 END-OF-LIFE: 100% Biodegradable (Natural state)."
Linen 16,92,180,1.7,"MATERIAL ANALYSIS: LINEN
---------------------------------
🌍 PRIMARY IMPACT: Very durable; requires minimal irrigation.
⚡ ENERGY RATING: Excellent
🧵 DURABILITY: High - Resistant to wear and tear.
🧪 CHEMICALS: Zero toxic dyes detected.
🌱 END-OF-LIFE: 100% Biodegradable (Natural state)."
Organic Cotton 31,85,250,2.1,"MATERIAL ANALYSIS: ORGANIC COTTON
---------------------------------
🌍 PRIMARY IMPACT: Uses non-GMO seeds and natural pest control.
⚡ ENERGY RATING: Average
🧵 DURABILITY: High - Resistant to wear and tear.
🧪 CHEMICALS: Zero toxic dyes detected.
🌱 END-OF-LIFE: 100% Biodegradable (Natural state)."
Linen 98,92,180,1.7,"MATERIAL ANALYSIS: LINEN
---------------------------------
🌍 PRIMARY IMPACT: Very durable; requires minimal irrigation.
⚡ ENERGY RATING: Excellent
🧵 DURABILITY: High - Resistant to wear and tear.
🧪 CHEMICALS: Zero toxic dyes detected.
🌱 END-OF-LIFE: 100% Biodegradable (Natural state)."
Recycled Polyester 62,70,10,3.5,"MATERIAL ANALYSIS: RECYCLED POLYESTER
---------------------------------
🌍 PRIMARY IMPACT: Made from ocean plastic; saves energy.
⚡ ENERGY RATING: Excellent
🧵 DURABILITY: High - Resistant to wear and tear.
🧪 CHEMICALS: Zero toxic dyes detected.
🌱 END-OF-LIFE: 100% Biodegradable (Natural state)."
Hemp 43,95,160,1.5,"MATERIAL ANALYSIS: HEMP
---------------------------------
🌍 PRIMARY IMPACT: Highly renewable; restores soil health.
⚡ ENERGY RATING: Excellent
🧵 DURABILITY: High - Resistant to wear and tear.
🧪 CHEMICALS: Zero toxic dyes detected.
🌱 END-OF-LIFE: 100% Biodegradable (Natural state)."
Hemp 45,95,160,1.5,"MATERIAL ANALYSIS: HEMP
---------------------------------
🌍 PRIMARY IMPACT: Highly renewable; restores soil health.
⚡ ENERGY RATING: Excellent
🧵 DURABILITY: High - Resistant to wear and tear.
🧪 CHEMICALS: Zero toxic dyes detected.
🌱 END-OF-LIFE: 100% Biodegradable (Natural state)."
Linen 40,92,180,1.7,"MATERIAL ANALYSIS: LINEN
---------------------------------
🌍 PRIMARY IMPACT: Very durable; requires minimal irrigation.
⚡ ENERGY RATING: Good
🧵 DURABILITY: High - Resistant to wear and tear.
🧪 CHEMICALS: Zero toxic dyes detected.
🌱 END-OF-LIFE: 100% Biodegradable (Natural state)."
Recycled Polyester 35,70,10,3.5,"MATERIAL ANALYSIS: RECYCLED POLYESTER
---------------------------------
🌍 PRIMARY IMPACT: Made from ocean plastic; saves energy.
⚡ ENERGY RATING: Average
🧵 DURABILITY: High - Resistant to wear and tear.
🧪 CHEMICALS: Zero toxic dyes detected.
🌱 END-OF-LIFE: 100% Biodegradable (Natural state)."
Recycled Polyester 59,70,10,3.5,"MATERIAL ANALYSIS: RECYCLED POLYESTER
---------------------------------
🌍 PRIMARY IMPACT: Made from ocean plastic; saves energy.
⚡ ENERGY RATING: Average
🧵 DURABILITY: High - Resistant to wear and tear.
🧪 CHEMICALS: Zero toxic dyes detected.
🌱 END-OF-LIFE: 100% Biodegradable (Natural state)."
Hemp 77,95,160,1.5,"MATERIAL ANALYSIS: HEMP
---------------------------------
🌍 PRIMARY IMPACT: Highly renewable; restores soil health.
⚡ ENERGY RATING: Excellent
🧵 DURABILITY: High - Resistant to wear and tear.
🧪 CHEMICALS: Zero toxic dyes detected.
🌱 END-OF-LIFE: 100% Biodegradable (Natural state)."
Hemp 30,95,160,1.5,"MATERIAL ANALYSIS: HEMP
---------------------------------
🌍 PRIMARY IMPACT: Highly renewable; restores soil health.
⚡ ENERGY RATING: Good
🧵 DURABILITY: High - Resistant to wear and tear.
🧪 CHEMICALS: Zero toxic dyes detected.
🌱 END-OF-LIFE: 100% Biodegradable (Natural state)."
Organic Cotton 9,85,250,2.1,"MATERIAL ANALYSIS: ORGANIC COTTON
---------------------------------
🌍 PRIMARY IMPACT: Uses non-GMO seeds and natural pest control.
⚡ ENERGY RATING: Excellent
🧵 DURABILITY: High - Resistant to wear and tear.
🧪 CHEMICALS: Zero toxic dyes detected.
🌱 END-OF-LIFE: 100% Biodegradable (Natural state)."
Organic Cotton 3,85,250,2.1,"MATERIAL ANALYSIS: ORGANIC COTTON
---------------------------------
🌍 PRIMARY IMPACT: Uses non-GMO seeds and natural pest control.
⚡ ENERGY RATING: Average
🧵 DURABILITY: High - Resistant to wear and tear.
🧪 CHEMICALS: Zero toxic dyes detected.
🌱 END-OF-LIFE: 100% Biodegradable (Natural state)."
Hemp 75,95,160,1.5,"MATERIAL ANALYSIS: HEMP
---------------------------------
🌍 PRIMARY IMPACT: Highly renewable; restores soil health.
⚡ ENERGY RATING: Average
🧵 DURABILITY: High - Resistant to wear and tear.
🧪 CHEMICALS: Zero toxic dyes detected.
🌱 END-OF-LIFE: 100% Biodegradable (Natural state)."
Organic Cotton 88,85,250,2.1,"MATERIAL ANALYSIS: ORGANIC COTTON
---------------------------------
🌍 PRIMARY IMPACT: Uses non-GMO seeds and natural pest control.
⚡ ENERGY RATING: Excellent
🧵 DURABILITY: High - Resistant to wear and tear.
🧪 CHEMICALS: Zero toxic dyes detected.
🌱 END-OF-LIFE: 100% Biodegradable (Natural state)."
Organic Cotton 71,85,250,2.1,"MATERIAL ANALYSIS: ORGANIC COTTON
---------------------------------
🌍 PRIMARY IMPACT: Uses non-GMO seeds and natural pest control.
⚡ ENERGY RATING: Excellent
🧵 DURABILITY: High - Resistant to wear and tear.
🧪 CHEMICALS: Zero toxic dyes detected.
🌱 END-OF-LIFE: 100% Biodegradable (Natural state)."
Linen 83,92,180,1.7,"MATERIAL ANALYSIS: LINEN
---------------------------------
🌍 PRIMARY IMPACT: Very durable; requires minimal irrigation.
⚡ ENERGY RATING: Average
🧵 DURABILITY: High - Resistant to wear and tear.
🧪 CHEMICALS: Zero toxic dyes detected.
🌱 END-OF-LIFE: 100% Biodegradable (Natural state)."
Linen 21,92,180,1.7,"MATERIAL ANALYSIS: LINEN
---------------------------------
🌍 PRIMARY IMPACT: Very durable; requires minimal irrigation.
⚡ ENERGY RATING: Good
🧵 DURABILITY: High - Resistant to wear and tear.
🧪 CHEMICALS: Zero toxic dyes detected.
🌱 END-OF-LIFE: 100% Biodegradable (Natural state)."
Organic Cotton 44,85,250,2.1,"MATERIAL ANALYSIS: ORGANIC COTTON
---------------------------------
🌍 PRIMARY IMPACT: Uses non-GMO seeds and natural pest control.
⚡ ENERGY RATING: Excellent
🧵 DURABILITY: High - Resistant to wear and tear.
🧪 CHEMICALS: Zero toxic dyes detected.
🌱 END-OF-LIFE: 100% Biodegradable (Natural state)."
Hemp 19,95,160,1.5,"MATERIAL ANALYSIS: HEMP
---------------------------------
🌍 PRIMARY IMPACT: Highly renewable; restores soil health.
⚡ ENERGY RATING: Excellent
🧵 DURABILITY: High - Resistant to wear and tear.
🧪 CHEMICALS: Zero toxic dyes detected.
🌱 END-OF-LIFE: 100% Biodegradable (Natural state)."
Hemp 13,95,160,1.5,"MATERIAL ANALYSIS: HEMP
---------------------------------
🌍 PRIMARY IMPACT: Highly renewable; restores soil health.
⚡ ENERGY RATING: Average
🧵 DURABILITY: High - Resistant to wear and tear.
🧪 CHEMICALS: Zero toxic dyes detected.
🌱 END-OF-LIFE: 100% Biodegradable (Natural state)."
Linen 89,92,180,1.7,"MATERIAL ANALYSIS: LINEN
---------------------------------
🌍 PRIMARY IMPACT: Very durable; requires minimal irrigation.
⚡ ENERGY RATING: Excellent
🧵 DURABILITY: High - Resistant to wear and tear.
🧪 CHEMICALS: Zero toxic dyes detected.
🌱 END-OF-LIFE: 100% Biodegradable (Natural state)."
Organic Cotton 41,85,250,2.1,"MATERIAL ANALYSIS: ORGANIC COTTON
---------------------------------
🌍 PRIMARY IMPACT: Uses non-GMO seeds and natural pest control.
⚡ ENERGY RATING: Good
🧵 DURABILITY: High - Resistant to wear and tear.
🧪 CHEMICALS: Zero toxic dyes detected.
🌱 END-OF-LIFE: 100% Biodegradable (Natural state)."
Recycled Polyester 7,70,10,3.5,"MATERIAL ANALYSIS: RECYCLED POLYESTER
---------------------------------
🌍 PRIMARY IMPACT: Made from ocean plastic; saves energy.
⚡ ENERGY RATING: Excellent
🧵 DURABILITY: High - Resistant to wear and tear.
🧪 CHEMICALS: Zero toxic dyes detected.
🌱 END-OF-LIFE: 100% Biodegradable (Natural state)."
Recycled Polyester 37,70,10,3.5,"MATERIAL ANALYSIS: RECYCLED POLYESTER
---------------------------------
🌍 PRIMARY IMPACT: Made from ocean plastic; saves energy.
⚡ ENERGY RATING: Excellent
🧵 DURABILITY: High - Resistant to wear and tear.
🧪 CHEMICALS: Zero toxic dyes detected.
🌱 END-OF-LIFE: 100% Biodegradable (Natural state)."
Linen 26,92,180,1.7,"MATERIAL ANALYSIS: LINEN
---------------------------------
🌍 PRIMARY IMPACT: Very durable; requires minimal irrigation.
⚡ ENERGY RATING: Excellent
🧵 DURABILITY: High - Resistant to wear and tear.
🧪 CHEMICALS: Zero toxic dyes detected.
🌱 END-OF-LIFE: 100% Biodegradable (Natural state)."
Organic Cotton 21,85,250,2.1,"MATERIAL ANALYSIS: ORGANIC COTTON
---------------------------------
🌍 PRIMARY IMPACT: Uses non-GMO seeds and natural pest control.
⚡ ENERGY RATING: Excellent
🧵 DURABILITY: High - Resistant to wear and tear.
🧪 CHEMICALS: Zero toxic dyes detected.
🌱 END-OF-LIFE: 100% Biodegradable (Natural state)."
Organic Cotton 20,85,250,2.1,"MATERIAL ANALYSIS: ORGANIC COTTON
---------------------------------
🌍 PRIMARY IMPACT: Uses non-GMO seeds and natural pest control.
⚡ ENERGY RATING: Average
🧵 DURABILITY: High - Resistant to wear and tear.
🧪 CHEMICALS: Zero toxic dyes detected.
🌱 END-OF-LIFE: 100% Biodegradable (Natural state)."
Organic Cotton 42,85,250,2.1,"MATERIAL ANALYSIS: ORGANIC COTTON
---------------------------------
🌍 PRIMARY IMPACT: Uses non-GMO seeds and natural pest control.
⚡ ENERGY RATING: Excellent
🧵 DURABILITY: High - Resistant to wear and tear.
🧪 CHEMICALS: Zero toxic dyes detected.
🌱 END-OF-LIFE: 100% Biodegradable (Natural state)."
Organic Cotton 16,85,250,2.1,"MATERIAL ANALYSIS: ORGANIC COTTON
---------------------------------
🌍 PRIMARY IMPACT: Uses non-GMO seeds and natural pest control.
⚡ ENERGY RATING: Average
🧵 DURABILITY: High - Resistant to wear and tear.
🧪 CHEMICALS: Zero toxic dyes detected.
🌱 END-OF-LIFE: 100% Biodegradable (Natural state)."
Recycled Polyester 52,70,10,3.5,"MATERIAL ANALYSIS: RECYCLED POLYESTER
---------------------------------
🌍 PRIMARY IMPACT: Made from ocean plastic; saves energy.
⚡ ENERGY RATING: Good
🧵 DURABILITY: High - Resistant to wear and tear.
🧪 CHEMICALS: Zero toxic dyes detected.
🌱 END-OF-LIFE: 100% Biodegradable (Natural state)."
Organic Cotton 90,85,250,2.1,"MATERIAL ANALYSIS: ORGANIC COTTON
---------------------------------
🌍 PRIMARY IMPACT: Uses non-GMO seeds and natural pest control.
⚡ ENERGY RATING: Excellent
🧵 DURABILITY: High - Resistant to wear and tear.
🧪 CHEMICALS: Zero toxic dyes detected.
🌱 END-OF-LIFE: 100% Biodegradable (Natural state)."
Organic Cotton 36,85,250,2.1,"MATERIAL ANALYSIS: ORGANIC COTTON
---------------------------------
🌍 PRIMARY IMPACT: Uses non-GMO seeds and natural pest control.
⚡ ENERGY RATING: Excellent
🧵 DURABILITY: High - Resistant to wear and tear.
🧪 CHEMICALS: Zero toxic dyes detected.
🌱 END-OF-LIFE: 100% Biodegradable (Natural state)."
Organic Cotton 42,85,250,2.1,"MATERIAL ANALYSIS: ORGANIC COTTON
---------------------------------
🌍 PRIMARY IMPACT: Uses non-GMO seeds and natural pest control.
⚡ ENERGY RATING: Good
🧵 DURABILITY: High - Resistant to wear and tear.
🧪 CHEMICALS: Zero toxic dyes detected.
🌱 END-OF-LIFE: 100% Biodegradable (Natural state)."
Recycled Polyester 91,70,10,3.5,"MATERIAL ANALYSIS: RECYCLED POLYESTER
---------------------------------
🌍 PRIMARY IMPACT: Made from ocean plastic; saves energy.
⚡ ENERGY RATING: Average
🧵 DURABILITY: High - Resistant to wear and tear.
🧪 CHEMICALS: Zero toxic dyes detected.
🌱 END-OF-LIFE: 100% Biodegradable (Natural state)."
Organic Cotton 47,85,250,2.1,"MATERIAL ANALYSIS: ORGANIC COTTON
---------------------------------
🌍 PRIMARY IMPACT: Uses non-GMO seeds and natural pest control.
⚡ ENERGY RATING: Good
🧵 DURABILITY: High - Resistant to wear and tear.
🧪 CHEMICALS: Zero toxic dyes detected.
🌱 END-OF-LIFE: 100% Biodegradable (Natural state)."
Organic Cotton 99,85,250,2.1,"MATERIAL ANALYSIS: ORGANIC COTTON
---------------------------------
🌍 PRIMARY IMPACT: Uses non-GMO seeds and natural pest control.
⚡ ENERGY RATING: Excellent
🧵 DURABILITY: High - Resistant to wear and tear.
🧪 CHEMICALS: Zero toxic dyes detected.
🌱 END-OF-LIFE: 100% Biodegradable (Natural state)."
Linen 85,92,180,1.7,"MATERIAL ANALYSIS: LINEN
---------------------------------
🌍 PRIMARY IMPACT: Very durable; requires minimal irrigation.
⚡ ENERGY RATING: Excellent
🧵 DURABILITY: High - Resistant to wear and tear.
🧪 CHEMICALS: Zero toxic dyes detected.
🌱 END-OF-LIFE: 100% Biodegradable (Natural state)."
Hemp 84,95,160,1.5,"MATERIAL ANALYSIS: HEMP
---------------------------------
🌍 PRIMARY IMPACT: Highly renewable; restores soil health.
⚡ ENERGY RATING: Good
🧵 DURABILITY: High - Resistant to wear and tear.
🧪 CHEMICALS: Zero toxic dyes detected.
🌱 END-OF-LIFE: 100% Biodegradable (Natural state)."
Recycled Polyester 25,70,10,3.5,"MATERIAL ANALYSIS: RECYCLED POLYESTER
---------------------------------
🌍 PRIMARY IMPACT: Made from ocean plastic; saves energy.
⚡ ENERGY RATING: Average
🧵 DURABILITY: High - Resistant to wear and tear.
🧪 CHEMICALS: Zero toxic dyes detected.
🌱 END-OF-LIFE: 100% Biodegradable (Natural state)."
Organic Cotton 30,85,250,2.1,"MATERIAL ANALYSIS: ORGANIC COTTON
---------------------------------
🌍 PRIMARY IMPACT: Uses non-GMO seeds and natural pest control.
⚡ ENERGY RATING: Average
🧵 DURABILITY: High - Resistant to wear and tear.
🧪 CHEMICALS: Zero toxic dyes detected.
🌱 END-OF-LIFE: 100% Biodegradable (Natural state)."
Recycled Polyester 77,70,10,3.5,"MATERIAL ANALYSIS: RECYCLED POLYESTER
---------------------------------
🌍 PRIMARY IMPACT: Made from ocean plastic; saves energy.
⚡ ENERGY RATING: Excellent
🧵 DURABILITY: High - Resistant to wear and tear.
🧪 CHEMICALS: Zero toxic dyes detected.
🌱 END-OF-LIFE: 100% Biodegradable (Natural state)."
Organic Cotton 1,85,250,2.1,"MATERIAL ANALYSIS: ORGANIC COTTON
---------------------------------
🌍 PRIMARY IMPACT: Uses non-GMO seeds and natural pest control.
⚡ ENERGY RATING: Average
🧵 DURABILITY: High - Resistant to wear and tear.
🧪 CHEMICALS: Zero toxic dyes detected.
🌱 END-OF-LIFE: 100% Biodegradable (Natural state)."
Linen 83,92,180,1.7,"MATERIAL ANALYSIS: LINEN
---------------------------------
🌍 PRIMARY IMPACT: Very durable; requires minimal irrigation.
⚡ ENERGY RATING: Average
🧵 DURABILITY: High - Resistant to wear and tear.
🧪 CHEMICALS: Zero toxic dyes detected.
🌱 END-OF-LIFE: 100% Biodegradable (Natural state)."
Recycled Polyester 91,70,10,3.5,"MATERIAL ANALYSIS: RECYCLED POLYESTER
---------------------------------
🌍 PRIMARY IMPACT: Made from ocean plastic; saves energy.
⚡ ENERGY RATING: Average
🧵 DURABILITY: High - Resistant to wear and tear.
🧪 CHEMICALS: Zero toxic dyes detected.
🌱 END-OF-LIFE: 100% Biodegradable (Natural state)."
Linen 65,92,180,1.7,"MATERIAL ANALYSIS: LINEN
---------------------------------
🌍 PRIMARY IMPACT: Very durable; requires minimal irrigation.
⚡ ENERGY RATING: Excellent
🧵 DURABILITY: High - Resistant to wear and tear.
🧪 CHEMICALS: Zero toxic dyes detected.
🌱 END-OF-LIFE: 100% Biodegradable (Natural state)."
Organic Cotton 66,85,250,2.1,"MATERIAL ANALYSIS: ORGANIC COTTON
---------------------------------
🌍 PRIMARY IMPACT: Uses non-GMO seeds and natural pest control.
⚡ ENERGY RATING: Excellent
🧵 DURABILITY: High - Resistant to wear and tear.
🧪 CHEMICALS: Zero toxic dyes detected.
🌱 END-OF-LIFE: 100% Biodegradable (Natural state)."
Linen 28,92,180,1.7,"MATERIAL ANALYSIS: LINEN
---------------------------------
🌍 PRIMARY IMPACT: Very durable; requires minimal irrigation.
⚡ ENERGY RATING: Excellent
🧵 DURABILITY: High - Resistant to wear and tear.
🧪 CHEMICALS: Zero toxic dyes detected.
🌱 END-OF-LIFE: 100% Biodegradable (Natural state)."
Linen 13,92,180,1.7,"MATERIAL ANALYSIS: LINEN
---------------------------------
🌍 PRIMARY IMPACT: Very durable; requires minimal irrigation.
⚡ ENERGY RATING: Good
🧵 DURABILITY: High - Resistant to wear and tear.
🧪 CHEMICALS: Zero toxic dyes detected.
🌱 END-OF-LIFE: 100% Biodegradable (Natural state)."
Recycled Polyester 41,70,10,3.5,"MATERIAL ANALYSIS: RECYCLED POLYESTER
---------------------------------
🌍 PRIMARY IMPACT: Made from ocean plastic; saves energy.
⚡ ENERGY RATING: Excellent
🧵 DURABILITY: High - Resistant to wear and tear.
🧪 CHEMICALS: Zero toxic dyes detected.
🌱 END-OF-LIFE: 100% Biodegradable (Natural state)."
Hemp 90,95,160,1.5,"MATERIAL ANALYSIS: HEMP
---------------------------------
🌍 PRIMARY IMPACT: Highly renewable; restores soil health.
⚡ ENERGY RATING: Good
🧵 DURABILITY: High - Resistant to wear and tear.
🧪 CHEMICALS: Zero toxic dyes detected.
🌱 END-OF-LIFE: 100% Biodegradable (Natural state)."
Organic Cotton 51,85,250,2.1,"MATERIAL ANALYSIS: ORGANIC COTTON
---------------------------------
🌍 PRIMARY IMPACT: Uses non-GMO seeds and natural pest control.
⚡ ENERGY RATING: Good
🧵 DURABILITY: High - Resistant to wear and tear.
🧪 CHEMICALS: Zero toxic dyes detected.
🌱 END-OF-LIFE: 100% Biodegradable (Natural state)."
Recycled Polyester 9,70,10,3.5,"MATERIAL ANALYSIS: RECYCLED POLYESTER
---------------------------------
🌍 PRIMARY IMPACT: Made from ocean plastic; saves energy.
⚡ ENERGY RATING: Good
🧵 DURABILITY: High - Resistant to wear and tear.
🧪 CHEMICALS: Zero toxic dyes detected.
🌱 END-OF-LIFE: 100% Biodegradable (Natural state)."
Linen 57,92,180,1.7,"MATERIAL ANALYSIS: LINEN
---------------------------------
🌍 PRIMARY IMPACT: Very durable; requires minimal irrigation.
⚡ ENERGY RATING: Average
🧵 DURABILITY: High - Resistant to wear and tear.
🧪 CHEMICALS: Zero toxic dyes detected.
🌱 END-OF-LIFE: 100% Biodegradable (Natural state)."
Hemp 21,95,160,1.5,"MATERIAL ANALYSIS: HEMP
---------------------------------
🌍 PRIMARY IMPACT: Highly renewable; restores soil health.
⚡ ENERGY RATING: Good
🧵 DURABILITY: High - Resistant to wear and tear.
🧪 CHEMICALS: Zero toxic dyes detected.
🌱 END-OF-LIFE: 100% Biodegradable (Natural state)."
Linen 81,92,180,1.7,"MATERIAL ANALYSIS: LINEN
---------------------------------
🌍 PRIMARY IMPACT: Very durable; requires minimal irrigation.
⚡ ENERGY RATING: Average
🧵 DURABILITY: High - Resistant to wear and tear.
🧪 CHEMICALS: Zero toxic dyes detected.
🌱 END-OF-LIFE: 100% Biodegradable (Natural state)."
Hemp 35,95,160,1.5,"MATERIAL ANALYSIS: HEMP
---------------------------------
🌍 PRIMARY IMPACT: Highly renewable; restores soil health.
⚡ ENERGY RATING: Good
🧵 DURABILITY: High - Resistant to wear and tear.
🧪 CHEMICALS: Zero toxic dyes detected.
🌱 END-OF-LIFE: 100% Biodegradable (Natural state)."
Hemp 48,95,160,1.5,"MATERIAL ANALYSIS: HEMP
---------------------------------
🌍 PRIMARY IMPACT: Highly renewable; restores soil health.
⚡ ENERGY RATING: Excellent
🧵 DURABILITY: High - Resistant to wear and tear.
🧪 CHEMICALS: Zero toxic dyes detected.
🌱 END-OF-LIFE: 100% Biodegradable (Natural state)."
Organic Cotton 29,85,250,2.1,"MATERIAL ANALYSIS: ORGANIC COTTON
---------------------------------
🌍 PRIMARY IMPACT: Uses non-GMO seeds and natural pest control.
⚡ ENERGY RATING: Excellent
🧵 DURABILITY: High - Resistant to wear and tear.
🧪 CHEMICALS: Zero toxic dyes detected.
🌱 END-OF-LIFE: 100% Biodegradable (Natural state)."
Linen 3,92,180,1.7,"MATERIAL ANALYSIS: LINEN
---------------------------------
🌍 PRIMARY IMPACT: Very durable; requires minimal irrigation.
⚡ ENERGY RATING: Good
🧵 DURABILITY: High - Resistant to wear and tear.
🧪 CHEMICALS: Zero toxic dyes detected.
🌱 END-OF-LIFE: 100% Biodegradable (Natural state)."
Linen 43,92,180,1.7,"MATERIAL ANALYSIS: LINEN
---------------------------------
🌍 PRIMARY IMPACT: Very durable; requires minimal irrigation.
⚡ ENERGY RATING: Average
🧵 DURABILITY: High - Resistant to wear and tear.
🧪 CHEMICALS: Zero toxic dyes detected.
🌱 END-OF-LIFE: 100% Biodegradable (Natural state)."
Hemp 45,95,160,1.5,"MATERIAL ANALYSIS: HEMP
---------------------------------
🌍 PRIMARY IMPACT: Highly renewable; restores soil health.
⚡ ENERGY RATING: Average
🧵 DURABILITY: High - Resistant to wear and tear.
🧪 CHEMICALS: Zero toxic dyes detected.
🌱 END-OF-LIFE: 100% Biodegradable (Natural state)."
Organic Cotton 58,85,250,2.1,"MATERIAL ANALYSIS: ORGANIC COTTON
---------------------------------
🌍 PRIMARY IMPACT: Uses non-GMO seeds and natural pest control.
⚡ ENERGY RATING: Good
🧵 DURABILITY: High - Resistant to wear and tear.
🧪 CHEMICALS: Zero toxic dyes detected.
🌱 END-OF-LIFE: 100% Biodegradable (Natural state)."
Recycled Polyester 22,70,10,3.5,"MATERIAL ANALYSIS: RECYCLED POLYESTER
---------------------------------
🌍 PRIMARY IMPACT: Made from ocean plastic; saves energy.
⚡ ENERGY RATING: Excellent
🧵 DURABILITY: High - Resistant to wear and tear.
🧪 CHEMICALS: Zero toxic dyes detected.
🌱 END-OF-LIFE: 100% Biodegradable (Natural state)."
Organic Cotton 63,85,250,2.1,"MATERIAL ANALYSIS: ORGANIC COTTON
---------------------------------
🌍 PRIMARY IMPACT: Uses non-GMO seeds and natural pest control.
⚡ ENERGY RATING: Excellent
🧵 DURABILITY: High - Resistant to wear and tear.
🧪 CHEMICALS: Zero toxic dyes detected.
🌱 END-OF-LIFE: 100% Biodegradable (Natural state)."
Linen 90,92,180,1.7,"MATERIAL ANALYSIS: LINEN
---------------------------------
🌍 PRIMARY IMPACT: Very durable; requires minimal irrigation.
⚡ ENERGY RATING: Average
🧵 DURABILITY: High - Resistant to wear and tear.
🧪 CHEMICALS: Zero toxic dyes detected.
🌱 END-OF-LIFE: 100% Biodegradable (Natural state)."
Linen 55,92,180,1.7,"MATERIAL ANALYSIS: LINEN
---------------------------------
🌍 PRIMARY IMPACT: Very durable; requires minimal irrigation.
⚡ ENERGY RATING: Average
🧵 DURABILITY: High - Resistant to wear and tear.
🧪 CHEMICALS: Zero toxic dyes detected.
🌱 END-OF-LIFE: 100% Biodegradable (Natural state)."
Recycled Polyester 27,70,10,3.5,"MATERIAL ANALYSIS: RECYCLED POLYESTER
---------------------------------
🌍 PRIMARY IMPACT: Made from ocean plastic; saves energy.
⚡ ENERGY RATING: Excellent
🧵 DURABILITY: High - Resistant to wear and tear.
🧪 CHEMICALS: Zero toxic dyes detected.
🌱 END-OF-LIFE: 100% Biodegradable (Natural state)."
Linen 68,92,180,1.7,"MATERIAL ANALYSIS: LINEN
---------------------------------
🌍 PRIMARY IMPACT: Very durable; requires minimal irrigation.
⚡ ENERGY RATING: Average
🧵 DURABILITY: High - Resistant to wear and tear.
🧪 CHEMICALS: Zero toxic dyes detected.
🌱 END-OF-LIFE: 100% Biodegradable (Natural state)."
Recycled Polyester 37,70,10,3.5,"MATERIAL ANALYSIS: RECYCLED POLYESTER
---------------------------------
🌍 PRIMARY IMPACT: Made from ocean plastic; saves energy.
⚡ ENERGY RATING: Excellent
🧵 DURABILITY: High - Resistant to wear and tear.
🧪 CHEMICALS: Zero toxic dyes detected.
🌱 END-OF-LIFE: 100% Biodegradable (Natural state)."
Organic Cotton 84,85,250,2.1,"MATERIAL ANALYSIS: ORGANIC COTTON
---------------------------------
🌍 PRIMARY IMPACT: Uses non-GMO seeds and natural pest control.
⚡ ENERGY RATING: Excellent
🧵 DURABILITY: High - Resistant to wear and tear.
🧪 CHEMICALS: Zero toxic dyes detected.
🌱 END-OF-LIFE: 100% Biodegradable (Natural state)."
Recycled Polyester 34,70,10,3.5,"MATERIAL ANALYSIS: RECYCLED POLYESTER
---------------------------------
🌍 PRIMARY IMPACT: Made from ocean plastic; saves energy.
⚡ ENERGY RATING: Excellent
🧵 DURABILITY: High - Resistant to wear and tear.
🧪 CHEMICALS: Zero toxic dyes detected.
🌱 END-OF-LIFE: 100% Biodegradable (Natural state)."
Hemp 74,95,160,1.5,"MATERIAL ANALYSIS: HEMP
---------------------------------
🌍 PRIMARY IMPACT: Highly renewable; restores soil health.
⚡ ENERGY RATING: Average
🧵 DURABILITY: High - Resistant to wear and tear.
🧪 CHEMICALS: Zero toxic dyes detected.
🌱 END-OF-LIFE: 100% Biodegradable (Natural state)."
Hemp 56,95,160,1.5,"MATERIAL ANALYSIS: HEMP
---------------------------------
🌍 PRIMARY IMPACT: Highly renewable; restores soil health.
⚡ ENERGY RATING: Good
🧵 DURABILITY: High - Resistant to wear and tear.
🧪 CHEMICALS: Zero toxic dyes detected.
🌱 END-OF-LIFE: 100% Biodegradable (Natural state)."
Hemp 97,95,160,1.5,"MATERIAL ANALYSIS: HEMP
---------------------------------
🌍 PRIMARY IMPACT: Highly renewable; restores soil health.
⚡ ENERGY RATING: Excellent
🧵 DURABILITY: High - Resistant to wear and tear.
🧪 CHEMICALS: Zero toxic dyes detected.
🌱 END-OF-LIFE: 100% Biodegradable (Natural state)."
Organic Cotton 6,85,250,2.1,"MATERIAL ANALYSIS: ORGANIC COTTON
---------------------------------
🌍 PRIMARY IMPACT: Uses non-GMO seeds and natural pest control.
⚡ ENERGY RATING: Good
🧵 DURABILITY: High - Resistant to wear and tear.
🧪 CHEMICALS: Zero toxic dyes detected.
🌱 END-OF-LIFE: 100% Biodegradable (Natural state)."
Linen 90,92,180,1.7,"MATERIAL ANALYSIS: LINEN
---------------------------------
🌍 PRIMARY IMPACT: Very durable; requires minimal irrigation.
⚡ ENERGY RATING: Excellent
🧵 DURABILITY: High - Resistant to wear and tear.
🧪 CHEMICALS: Zero toxic dyes detected.
🌱 END-OF-LIFE: 100% Biodegradable (Natural state)."
